<?xml version="1.0" encoding="UTF-8" ?>
<extension version="3.1" type="plugin" group="vmpayment" >
    <name>Vmpayment - DigiWallet for iDeal, Bancontact, Sofort, Creditcard</name>
    <creationDate>April 2018</creationDate>
    <author>DigiWallet.nl</author>
    <authorUrl>https://www.digiwallet.nl</authorUrl>
    <copyright>Copyright (C) 2018 DigiWallet</copyright>
    <license>http://www.gnu.org/copyleft/gpl.html GNU/GPL</license>
    <version>4.0.3</version>
    <description><![CDATA[<a href="https://www.digiwallet.nl" target="_blank">DigiWallet</a> ... makes online payments easy.]]></description>
  
    <languages folder="language">
        <language tag="en-GB">en-GB/en-GB.plg_vmpayment_digiwallet.ini</language>
        <language tag="nl-NL">nl-NL/nl-NL.plg_vmpayment_digiwallet.ini</language>
    </languages>

    <files>
        <filename plugin="digiwallet">digiwallet.php</filename>
        <filename>install.sql</filename>
	<filename plugin="digiwallet">LICENSE</filename>
	<filename plugin="digiwallet">README.md</filename>
        <folder>digiwallet</folder>
        <folder>language</folder>
    </files>

    <!-- No uninstall, if you click on uninstall by accident the shop will have an issue. Updates and modifications will be done in updates. -->
    <params addpath="/administrator/components/com_virtuemart/elements">
        <param type="vmjpluginwarning" />
        <param type="spacer" default="VMPAYMENT_DIGIWALLET_PAYMENT_TITLE" level="level1" />
        <param type="spacer" default="VMPAYMENT_DIGIWALLET_PAYMENT_WARNING" />

        <param type="spacer" default="VMPAYMENT_DIGIWALLET_RESTRICTIONS" level="level1" />
        <param type="text" name="digiwallet_rtlo"  size="50" label="VMPAYMENT_DIGIWALLET_RTLO" default="" description="VMPAYMENT_DIGIWALLET_RTLO_DESC" /><!--// Default Digiwallet-->
             
        <param name="countries" type="vmcountries"  scope="com_virtuemart" default="" label="VMPAYMENT_DIGIWALLET_COUNTRIES" description="VMPAYMENT_DIGIWALLET_COUNTRIES_DESC"/>
        <param type="spacer" default="" level="level1" />
        <param type="spacer" default="VMPAYMENT_DIGIWALLET_PAYMENT_STATUSES" level="level1" />
        <param name="status_pending" type="vmorderstate" scope="com_virtuemart" default="P" label="VMPAYMENT_STATUS_PENDING" description="VMPAYMENT_STATUS_PENDING_DESC" />
        <param name="status_success" type="vmorderstate" scope="com_virtuemart" default="C" label="VMPAYMENT_STATUS_SUCCESS" description="VMPAYMENT_STATUS_SUCCESS_DESC" />
        <param name="status_canceled" type="vmorderstate" scope="com_virtuemart" default="X" label="VMPAYMENT_STATUS_FAILED" description="VMPAYMENT_STATUS_FAILED_DESC" />
        <param name="status_review" type="vmorderstate" scope="com_virtuemart" default="V" label="VMPAYMENT_STATUS_REVIEW" description="VMPAYMENT_STATUS_REVIEW_DESC" />
        <param type="spacer" default="" level="level1" />
    </params>
    
    <vmconfig>
        <fields name="params">
            <fieldset name="basic">
                <field type="spacer" default="VMPAYMENT_DIGIWALLET_PAYMENT_TITLE" level="level1"/>
                <field type="spacer" default="VMPAYMENT_DIGIWALLET_PAYMENT_WARNING"/>
            
                <field name="digiwallet_rtlo" type="text" size="50" default="" label="VMPAYMENT_DIGIWALLET_RTLO" description="VMPAYMENT_DIGIWALLET_RTLO_DESC"/>
                    
                <field type="spacer" default="VMPAYMENT_DIGIWALLET_PAYMENT_TITLE" level="level1"/>
                <field type="spacer" default="VMPAYMENT_DIGIWALLET_PAYMENT_WARNING"/>
                    
                <field name="countries" type="vmcountries" size="50" scope="com_virtuemart" default="" label="VMPAYMENT_DIGIWALLET_COUNTRIES" description="VMPAYMENT_DIGIWALLET_COUNTRIES_DESC"/>
                    
                <field name="digiwallet_enable_ide" type="list" size="15" default="1" label="VMPAYMENT_DIGIWALLET_ENABLE_PAYMENT_OPTION_IDE" description="VMPAYMENT_DIGIWALLET_ENABLE_PAYMENT_OPTION_IDE_DESC">
                    <option value="1">VMPAYMENT_DIGIWALLET_ENABLE_PAYMENT_YES</option>
                    <option value="0">VMPAYMENT_DIGIWALLET_ENABLE_PAYMENT_NO</option>
                </field>
                    
                <field name="digiwallet_enable_mrc" type="list" size="15" default="1" label="VMPAYMENT_DIGIWALLET_ENABLE_PAYMENT_OPTION_MRC" description="VMPAYMENT_DIGIWALLET_ENABLE_PAYMENT_OPTION_MRC_DESC">
                    <option value="1">VMPAYMENT_DIGIWALLET_ENABLE_PAYMENT_YES</option>
                    <option value="0">VMPAYMENT_DIGIWALLET_ENABLE_PAYMENT_NO</option>
                </field>
                    
                <field name="digiwallet_enable_deb" type="list" size="15" default="1" label="VMPAYMENT_DIGIWALLET_ENABLE_PAYMENT_OPTION_DEB" description="VMPAYMENT_DIGIWALLET_ENABLE_PAYMENT_OPTION_DEB_DESC">
                    <option value="1">VMPAYMENT_DIGIWALLET_ENABLE_PAYMENT_YES</option>
                    <option value="0">VMPAYMENT_DIGIWALLET_ENABLE_PAYMENT_NO</option>
                </field>
                
                <field name="digiwallet_enable_wal" type="list" size="15" default="1" label="VMPAYMENT_DIGIWALLET_ENABLE_PAYMENT_OPTION_WAL" description="VMPAYMENT_DIGIWALLET_ENABLE_PAYMENT_OPTION_WAL_DESC">
                    <option value="1">VMPAYMENT_DIGIWALLET_ENABLE_PAYMENT_YES</option>
                    <option value="0">VMPAYMENT_DIGIWALLET_ENABLE_PAYMENT_NO</option>
                </field>
                
                <field name="digiwallet_enable_cc" type="list" size="15" default="0" label="VMPAYMENT_DIGIWALLET_ENABLE_PAYMENT_OPTION_CC" description="VMPAYMENT_DIGIWALLET_ENABLE_PAYMENT_OPTION_CC_DESC">
                    <option value="1">VMPAYMENT_DIGIWALLET_ENABLE_PAYMENT_YES</option>
                    <option value="0">VMPAYMENT_DIGIWALLET_ENABLE_PAYMENT_NO</option>
                </field>
                
                <field name="digiwallet_enable_bw" type="list" size="15" default="1" label="VMPAYMENT_DIGIWALLET_ENABLE_PAYMENT_OPTION_BW" description="VMPAYMENT_DIGIWALLET_ENABLE_PAYMENT_OPTION_BW_DESC">
                    <option value="1">VMPAYMENT_DIGIWALLET_ENABLE_PAYMENT_YES</option>
                    <option value="0">VMPAYMENT_DIGIWALLET_ENABLE_PAYMENT_NO</option>
                </field>
                
                <field name="digiwallet_enable_afp" type="list" size="15" default="1" label="VMPAYMENT_DIGIWALLET_ENABLE_PAYMENT_OPTION_AFP" description="VMPAYMENT_DIGIWALLET_ENABLE_PAYMENT_OPTION_AFP_DESC">
                    <option value="1">VMPAYMENT_DIGIWALLET_ENABLE_PAYMENT_YES</option>
                    <option value="0">VMPAYMENT_DIGIWALLET_ENABLE_PAYMENT_NO</option>
                </field>
                
                <field name="digiwallet_enable_pyp" type="list" size="15" default="1" label="VMPAYMENT_DIGIWALLET_ENABLE_PAYMENT_OPTION_PYP" description="VMPAYMENT_DIGIWALLET_ENABLE_PAYMENT_OPTION_PYP_DESC">
                    <option value="1">VMPAYMENT_DIGIWALLET_ENABLE_PAYMENT_YES</option>
                    <option value="0">VMPAYMENT_DIGIWALLET_ENABLE_PAYMENT_NO</option>
                </field>
                    
                <field type="spacer" default="VMPAYMENT_DIGIWALLET_PAYMENT_TITLE" level="level1"/>
                <field type="spacer" default="VMPAYMENT_DIGIWALLET_PAYMENT_WARNING"/>
                        
                <field name="status_pending" type="vmorderstate" scope="com_virtuemart" default="P" label="VMPAYMENT_STATUS_PENDING_DESC" />
                <field name="status_success" type="vmorderstate" scope="com_virtuemart" default="C" label="VMPAYMENT_STATUS_SUCCESS_DESC" />
                <field name="status_canceled" type="vmorderstate" scope="com_virtuemart" default="X" label="VMPAYMENT_STATUS_FAILED_DESC" />
                <field name="status_review" type="vmorderstate" scope="com_virtuemart" default="V" label="VMPAYMENT_STATUS_REVIEW_DESC" />
            </fieldset>
        </fields>
    </vmconfig>

	<install>
	    <sql>
		<file driver="mysql" charset="utf8">install.sql</file>
	    </sql>
	</install>

    <updateservers>
        <server type="extension" name="DigiWallet Updates">https://www.digiwallet.nl/virtuemart/updates.xml</server>
    </updateservers>
</extension>
